YEAR_MONTH_PROJECT_KEY,HIGH_LEVEL_STATUS_KPI_ID,PPN_STAMP,PPN_PROC
202601_2026-00078,19,2026-03-30 00:57:05.508239,NB_SILVER_TO_GOLD_HIGH_LEVEL_STATUS_KPI
202601_2026-00077,19,2026-03-30 00:57:05.508239,NB_SILVER_TO_GOLD_HIGH_LEVEL_STATUS_KPI
202601_2026-00076,19,2026-03-30 00:57:05.508239,NB_SILVER_TO_GOLD_HIGH_LEVEL_STATUS_KPI
202601_2026-00075,19,2026-03-30 00:57:05.508239,NB_SILVER_TO_GOLD_HIGH_LEVEL_STATUS_KPI
202601_2026-00074,19,2026-03-30 00:57:05.508239,NB_SILVER_TO_GOLD_HIGH_LEVEL_STATUS_KPI
202601_2026-00073,19,2026-03-30 00:57:05.508239,NB_SILVER_TO_GOLD_HIGH_LEVEL_STATUS_KPI
202601_2026-00072,19,2026-03-30 00:57:05.508239,NB_SILVER_TO_GOLD_HIGH_LEVEL_STATUS_KPI
202601_2026-00071,19,2026-03-30 00:57:05.508239,NB_SILVER_TO_GOLD_HIGH_LEVEL_STATUS_KPI
202601_2026-00070,19,2026-03-30 00:57:05.508239,NB_SILVER_TO_GOLD_HIGH_LEVEL_STATUS_KPI
202601_2026-00069,19,2026-03-30 00:57:05.508239,NB_SILVER_TO_GOLD_HIGH_LEVEL_STATUS_KPI
202601_2026-00068,19,2026-03-30 00:57:05.508239,NB_SILVER_TO_GOLD_HIGH_LEVEL_STATUS_KPI
202601_2026-00066,19,2026-03-30 00:57:05.508239,NB_SILVER_TO_GOLD_HIGH_LEVEL_STATUS_KPI
202601_2026-00065,19,2026-03-30 00:57:05.508239,NB_SILVER_TO_GOLD_HIGH_LEVEL_STATUS_KPI
202601_2026-00064,19,2026-03-30 00:57:05.508239,NB_SILVER_TO_GOLD_HIGH_LEVEL_STATUS_KPI
202601_2026-00062,19,2026-03-30 00:57:05.508239,NB_SILVER_TO_GOLD_HIGH_LEVEL_STATUS_KPI
202601_2026-00061,19,2026-03-30 00:57:05.508239,NB_SILVER_TO_GOLD_HIGH_LEVEL_STATUS_KPI
202601_2026-00059,19,2026-03-30 00:57:05.508239,NB_SILVER_TO_GOLD_HIGH_LEVEL_STATUS_KPI
202601_2026-00058,19,2026-03-30 00:57:05.508239,NB_SILVER_TO_GOLD_HIGH_LEVEL_STATUS_KPI
202601_2026-00056,19,2026-03-30 00:57:05.508239,NB_SILVER_TO_GOLD_HIGH_LEVEL_STATUS_KPI
202601_2026-00055,19,2026-03-30 00:57:05.508239,NB_SILVER_TO_GOLD_HIGH_LEVEL_STATUS_KPI
202601_2026-00054,19,2026-03-30 00:57:05.508239,NB_SILVER_TO_GOLD_HIGH_LEVEL_STATUS_KPI
202601_2026-00053,19,2026-03-30 00:57:05.508239,NB_SILVER_TO_GOLD_HIGH_LEVEL_STATUS_KPI
202601_2026-00052,19,2026-03-30 00:57:05.508239,NB_SILVER_TO_GOLD_HIGH_LEVEL_STATUS_KPI
202601_2026-00051,19,2026-03-30 00:57:05.508239,NB_SILVER_TO_GOLD_HIGH_LEVEL_STATUS_KPI
202601_2026-00050,19,2026-03-30 00:57:05.508239,NB_SILVER_TO_GOLD_HIGH_LEVEL_STATUS_KPI
202601_2026-00049,19,2026-03-30 00:57:05.508239,NB_SILVER_TO_GOLD_HIGH_LEVEL_STATUS_KPI
202601_2026-00048,19,2026-03-30 00:57:05.508239,NB_SILVER_TO_GOLD_HIGH_LEVEL_STATUS_KPI
202601_2026-00047,19,2026-03-30 00:57:05.508239,NB_SILVER_TO_GOLD_HIGH_LEVEL_STATUS_KPI
202601_2026-00046,19,2026-03-30 00:57:05.508239,NB_SILVER_TO_GOLD_HIGH_LEVEL_STATUS_KPI
202601_2026-00107,19,2026-03-30 00:57:05.508239,NB_SILVER_TO_GOLD_HIGH_LEVEL_STATUS_KPI
202601_2026-00106,19,2026-03-30 00:57:05.508239,NB_SILVER_TO_GOLD_HIGH_LEVEL_STATUS_KPI
202601_2026-00105,19,2026-03-30 00:57:05.508239,NB_SILVER_TO_GOLD_HIGH_LEVEL_STATUS_KPI
202601_2026-00104,19,2026-03-30 00:57:05.508239,NB_SILVER_TO_GOLD_HIGH_LEVEL_STATUS_KPI
202601_2026-00103,19,2026-03-30 00:57:05.508239,NB_SILVER_TO_GOLD_HIGH_LEVEL_STATUS_KPI
202601_2026-00101,19,2026-03-30 00:57:05.508239,NB_SILVER_TO_GOLD_HIGH_LEVEL_STATUS_KPI
202601_2026-00100,19,2026-03-30 00:57:05.508239,NB_SILVER_TO_GOLD_HIGH_LEVEL_STATUS_KPI
202601_2026-00099,19,2026-03-30 00:57:05.508239,NB_SILVER_TO_GOLD_HIGH_LEVEL_STATUS_KPI
202601_2026-00098,19,2026-03-30 00:57:05.508239,NB_SILVER_TO_GOLD_HIGH_LEVEL_STATUS_KPI
202601_2026-00097,19,2026-03-30 00:57:05.508239,NB_SILVER_TO_GOLD_HIGH_LEVEL_STATUS_KPI
202601_2026-00096,19,2026-03-30 00:57:05.508239,NB_SILVER_TO_GOLD_HIGH_LEVEL_STATUS_KPI
202601_2026-00095,19,2026-03-30 00:57:05.508239,NB_SILVER_TO_GOLD_HIGH_LEVEL_STATUS_KPI
202601_2026-00094,19,2026-03-30 00:57:05.508239,NB_SILVER_TO_GOLD_HIGH_LEVEL_STATUS_KPI
202601_2026-00093,19,2026-03-30 00:57:05.508239,NB_SILVER_TO_GOLD_HIGH_LEVEL_STATUS_KPI
202601_2026-00092,19,2026-03-30 00:57:05.508239,NB_SILVER_TO_GOLD_HIGH_LEVEL_STATUS_KPI
202601_2026-00091,19,2026-03-30 00:57:05.508239,NB_SILVER_TO_GOLD_HIGH_LEVEL_STATUS_KPI
202601_2026-00090,19,2026-03-30 00:57:05.508239,NB_SILVER_TO_GOLD_HIGH_LEVEL_STATUS_KPI
202601_2026-00089,19,2026-03-30 00:57:05.508239,NB_SILVER_TO_GOLD_HIGH_LEVEL_STATUS_KPI
202601_2026-00088,19,2026-03-30 00:57:05.508239,NB_SILVER_TO_GOLD_HIGH_LEVEL_STATUS_KPI
202601_2026-00087,19,2026-03-30 00:57:05.508239,NB_SILVER_TO_GOLD_HIGH_LEVEL_STATUS_KPI
202601_2026-00086,19,2026-03-30 00:57:05.508239,NB_SILVER_TO_GOLD_HIGH_LEVEL_STATUS_KPI
202601_2026-00085,19,2026-03-30 00:57:05.508239,NB_SILVER_TO_GOLD_HIGH_LEVEL_STATUS_KPI
202601_2026-00084,19,2026-03-30 00:57:05.508239,NB_SILVER_TO_GOLD_HIGH_LEVEL_STATUS_KPI
202601_2026-00083,19,2026-03-30 00:57:05.508239,NB_SILVER_TO_GOLD_HIGH_LEVEL_STATUS_KPI
202601_2026-00082,19,2026-03-30 00:57:05.508239,NB_SILVER_TO_GOLD_HIGH_LEVEL_STATUS_KPI
202601_2026-00081,19,2026-03-30 00:57:05.508239,NB_SILVER_TO_GOLD_HIGH_LEVEL_STATUS_KPI
202601_2026-00080,19,2026-03-30 00:57:05.508239,NB_SILVER_TO_GOLD_HIGH_LEVEL_STATUS_KPI
202601_2026-00079,19,2026-03-30 00:57:05.508239,NB_SILVER_TO_GOLD_HIGH_LEVEL_STATUS_KPI
202601_2026-00135,19,2026-03-30 00:57:05.508239,NB_SILVER_TO_GOLD_HIGH_LEVEL_STATUS_KPI
202601_2026-00134,19,2026-03-30 00:57:05.508239,NB_SILVER_TO_GOLD_HIGH_LEVEL_STATUS_KPI
202601_2026-00133,19,2026-03-30 00:57:05.508239,NB_SILVER_TO_GOLD_HIGH_LEVEL_STATUS_KPI
202601_2026-00132,19,2026-03-30 00:57:05.508239,NB_SILVER_TO_GOLD_HIGH_LEVEL_STATUS_KPI
202601_2026-00131,19,2026-03-30 00:57:05.508239,NB_SILVER_TO_GOLD_HIGH_LEVEL_STATUS_KPI
202601_2026-00130,19,2026-03-30 00:57:05.508239,NB_SILVER_TO_GOLD_HIGH_LEVEL_STATUS_KPI
202601_2026-00129,19,2026-03-30 00:57:05.508239,NB_SILVER_TO_GOLD_HIGH_LEVEL_STATUS_KPI
202601_2026-00128,19,2026-03-30 00:57:05.508239,NB_SILVER_TO_GOLD_HIGH_LEVEL_STATUS_KPI
202601_2026-00127,19,2026-03-30 00:57:05.508239,NB_SILVER_TO_GOLD_HIGH_LEVEL_STATUS_KPI
202601_2026-00126,19,2026-03-30 00:57:05.508239,NB_SILVER_TO_GOLD_HIGH_LEVEL_STATUS_KPI
202601_2026-00125,19,2026-03-30 00:57:05.508239,NB_SILVER_TO_GOLD_HIGH_LEVEL_STATUS_KPI
202601_2026-00124,19,2026-03-30 00:57:05.508239,NB_SILVER_TO_GOLD_HIGH_LEVEL_STATUS_KPI
202601_2026-00123,19,2026-03-30 00:57:05.508239,NB_SILVER_TO_GOLD_HIGH_LEVEL_STATUS_KPI
202601_2026-00122,19,2026-03-30 00:57:05.508239,NB_SILVER_TO_GOLD_HIGH_LEVEL_STATUS_KPI
202601_2026-00121,19,2026-03-30 00:57:05.508239,NB_SILVER_TO_GOLD_HIGH_LEVEL_STATUS_KPI
202601_2026-00120,19,2026-03-30 00:57:05.508239,NB_SILVER_TO_GOLD_HIGH_LEVEL_STATUS_KPI
202601_2026-00119,19,2026-03-30 00:57:05.508239,NB_SILVER_TO_GOLD_HIGH_LEVEL_STATUS_KPI
202601_2026-00118,19,2026-03-30 00:57:05.508239,NB_SILVER_TO_GOLD_HIGH_LEVEL_STATUS_KPI
202601_2026-00117,19,2026-03-30 00:57:05.508239,NB_SILVER_TO_GOLD_HIGH_LEVEL_STATUS_KPI
202601_2026-00116,19,2026-03-30 00:57:05.508239,NB_SILVER_TO_GOLD_HIGH_LEVEL_STATUS_KPI
202601_2026-00115,19,2026-03-30 00:57:05.508239,NB_SILVER_TO_GOLD_HIGH_LEVEL_STATUS_KPI
202601_2026-00114,19,2026-03-30 00:57:05.508239,NB_SILVER_TO_GOLD_HIGH_LEVEL_STATUS_KPI
202601_2026-00113,19,2026-03-30 00:57:05.508239,NB_SILVER_TO_GOLD_HIGH_LEVEL_STATUS_KPI
202601_2026-00112,19,2026-03-30 00:57:05.508239,NB_SILVER_TO_GOLD_HIGH_LEVEL_STATUS_KPI
202601_2026-00111,19,2026-03-30 00:57:05.508239,NB_SILVER_TO_GOLD_HIGH_LEVEL_STATUS_KPI
202601_2026-00110,19,2026-03-30 00:57:05.508239,NB_SILVER_TO_GOLD_HIGH_LEVEL_STATUS_KPI
202601_2026-00109,19,2026-03-30 00:57:05.508239,NB_SILVER_TO_GOLD_HIGH_LEVEL_STATUS_KPI
202601_2026-00108,19,2026-03-30 00:57:05.508239,NB_SILVER_TO_GOLD_HIGH_LEVEL_STATUS_KPI
202601_2025-00085,17,2026-03-30 00:57:05.508239,NB_SILVER_TO_GOLD_HIGH_LEVEL_STATUS_KPI
202601_2025-00079,17,2026-03-30 00:57:05.508239,NB_SILVER_TO_GOLD_HIGH_LEVEL_STATUS_KPI
202601_2025-00067,17,2026-03-30 00:57:05.508239,NB_SILVER_TO_GOLD_HIGH_LEVEL_STATUS_KPI
202601_2025-00063,17,2026-03-30 00:57:05.508239,NB_SILVER_TO_GOLD_HIGH_LEVEL_STATUS_KPI
202601_2025-00053,17,2026-03-30 00:57:05.508239,NB_SILVER_TO_GOLD_HIGH_LEVEL_STATUS_KPI
202601_2025-00052,17,2026-03-30 00:57:05.508239,NB_SILVER_TO_GOLD_HIGH_LEVEL_STATUS_KPI
202601_2025-00051,17,2026-03-30 00:57:05.508239,NB_SILVER_TO_GOLD_HIGH_LEVEL_STATUS_KPI
202601_2025-00045,17,2026-03-30 00:57:05.508239,NB_SILVER_TO_GOLD_HIGH_LEVEL_STATUS_KPI
202601_2025-00043,17,2026-03-30 00:57:05.508239,NB_SILVER_TO_GOLD_HIGH_LEVEL_STATUS_KPI
202601_2025-00040,17,2026-03-30 00:57:05.508239,NB_SILVER_TO_GOLD_HIGH_LEVEL_STATUS_KPI
202601_2025-00039,17,2026-03-30 00:57:05.508239,NB_SILVER_TO_GOLD_HIGH_LEVEL_STATUS_KPI
202601_2025-00035,17,2026-03-30 00:57:05.508239,NB_SILVER_TO_GOLD_HIGH_LEVEL_STATUS_KPI
202601_2025-00029,17,2026-03-30 00:57:05.508239,NB_SILVER_TO_GOLD_HIGH_LEVEL_STATUS_KPI
202601_2025-00028,17,2026-03-30 00:57:05.508239,NB_SILVER_TO_GOLD_HIGH_LEVEL_STATUS_KPI
202601_2025-00025,17,2026-03-30 00:57:05.508239,NB_SILVER_TO_GOLD_HIGH_LEVEL_STATUS_KPI
202601_2025-00013,17,2026-03-30 00:57:05.508239,NB_SILVER_TO_GOLD_HIGH_LEVEL_STATUS_KPI
202601_2025-0006,17,2026-03-30 00:57:05.508239,NB_SILVER_TO_GOLD_HIGH_LEVEL_STATUS_KPI
202601_2025-0004,17,2026-03-30 00:57:05.508239,NB_SILVER_TO_GOLD_HIGH_LEVEL_STATUS_KPI
202601_2025-0001,17,2026-03-30 00:57:05.508239,NB_SILVER_TO_GOLD_HIGH_LEVEL_STATUS_KPI
202601_2025-00170,17,2026-03-30 00:57:05.508239,NB_SILVER_TO_GOLD_HIGH_LEVEL_STATUS_KPI
202601_2025-00164,17,2026-03-30 00:57:05.508239,NB_SILVER_TO_GOLD_HIGH_LEVEL_STATUS_KPI
202601_2025-00160,17,2026-03-30 00:57:05.508239,NB_SILVER_TO_GOLD_HIGH_LEVEL_STATUS_KPI
202601_2025-00159,17,2026-03-30 00:57:05.508239,NB_SILVER_TO_GOLD_HIGH_LEVEL_STATUS_KPI
202601_2025-00157,17,2026-03-30 00:57:05.508239,NB_SILVER_TO_GOLD_HIGH_LEVEL_STATUS_KPI
202601_2025-00156,17,2026-03-30 00:57:05.508239,NB_SILVER_TO_GOLD_HIGH_LEVEL_STATUS_KPI
202601_2025-00155,17,2026-03-30 00:57:05.508239,NB_SILVER_TO_GOLD_HIGH_LEVEL_STATUS_KPI
202601_2025-00153,17,2026-03-30 00:57:05.508239,NB_SILVER_TO_GOLD_HIGH_LEVEL_STATUS_KPI
202601_2025-00152,17,2026-03-30 00:57:05.508239,NB_SILVER_TO_GOLD_HIGH_LEVEL_STATUS_KPI
202601_2025-00151,17,2026-03-30 00:57:05.508239,NB_SILVER_TO_GOLD_HIGH_LEVEL_STATUS_KPI
202601_2025-00150,17,2026-03-30 00:57:05.508239,NB_SILVER_TO_GOLD_HIGH_LEVEL_STATUS_KPI
202601_2025-00149,17,2026-03-30 00:57:05.508239,NB_SILVER_TO_GOLD_HIGH_LEVEL_STATUS_KPI
202601_2025-00148,17,2026-03-30 00:57:05.508239,NB_SILVER_TO_GOLD_HIGH_LEVEL_STATUS_KPI
202601_2025-00146,17,2026-03-30 00:57:05.508239,NB_SILVER_TO_GOLD_HIGH_LEVEL_STATUS_KPI
202601_2025-00144,17,2026-03-30 00:57:05.508239,NB_SILVER_TO_GOLD_HIGH_LEVEL_STATUS_KPI
202601_2025-00143,17,2026-03-30 00:57:05.508239,NB_SILVER_TO_GOLD_HIGH_LEVEL_STATUS_KPI
202601_2025-00142,17,2026-03-30 00:57:05.508239,NB_SILVER_TO_GOLD_HIGH_LEVEL_STATUS_KPI
202601_2025-00141,17,2026-03-30 00:57:05.508239,NB_SILVER_TO_GOLD_HIGH_LEVEL_STATUS_KPI
202601_2025-00140,17,2026-03-30 00:57:05.508239,NB_SILVER_TO_GOLD_HIGH_LEVEL_STATUS_KPI
202601_2025-00139,17,2026-03-30 00:57:05.508239,NB_SILVER_TO_GOLD_HIGH_LEVEL_STATUS_KPI
202601_2025-00138,17,2026-03-30 00:57:05.508239,NB_SILVER_TO_GOLD_HIGH_LEVEL_STATUS_KPI
202601_2025-00128,17,2026-03-30 00:57:05.508239,NB_SILVER_TO_GOLD_HIGH_LEVEL_STATUS_KPI
202601_2026-00045,19,2026-03-30 00:57:05.508239,NB_SILVER_TO_GOLD_HIGH_LEVEL_STATUS_KPI
202601_2026-00044,19,2026-03-30 00:57:05.508239,NB_SILVER_TO_GOLD_HIGH_LEVEL_STATUS_KPI
202601_2026-00043,19,2026-03-30 00:57:05.508239,NB_SILVER_TO_GOLD_HIGH_LEVEL_STATUS_KPI
202601_2026-00042,19,2026-03-30 00:57:05.508239,NB_SILVER_TO_GOLD_HIGH_LEVEL_STATUS_KPI
202601_2026-00041,19,2026-03-30 00:57:05.508239,NB_SILVER_TO_GOLD_HIGH_LEVEL_STATUS_KPI
202601_2026-00040,19,2026-03-30 00:57:05.508239,NB_SILVER_TO_GOLD_HIGH_LEVEL_STATUS_KPI
202601_2026-00039,19,2026-03-30 00:57:05.508239,NB_SILVER_TO_GOLD_HIGH_LEVEL_STATUS_KPI
202601_2026-00038,19,2026-03-30 00:57:05.508239,NB_SILVER_TO_GOLD_HIGH_LEVEL_STATUS_KPI
202601_2026-00037,19,2026-03-30 00:57:05.508239,NB_SILVER_TO_GOLD_HIGH_LEVEL_STATUS_KPI
202601_2026-00036,19,2026-03-30 00:57:05.508239,NB_SILVER_TO_GOLD_HIGH_LEVEL_STATUS_KPI
202601_2026-00035,19,2026-03-30 00:57:05.508239,NB_SILVER_TO_GOLD_HIGH_LEVEL_STATUS_KPI
202601_2026-00034,19,2026-03-30 00:57:05.508239,NB_SILVER_TO_GOLD_HIGH_LEVEL_STATUS_KPI
202601_2026-00033,19,2026-03-30 00:57:05.508239,NB_SILVER_TO_GOLD_HIGH_LEVEL_STATUS_KPI
202601_2026-00032,19,2026-03-30 00:57:05.508239,NB_SILVER_TO_GOLD_HIGH_LEVEL_STATUS_KPI
202601_2026-00031,19,2026-03-30 00:57:05.508239,NB_SILVER_TO_GOLD_HIGH_LEVEL_STATUS_KPI
202601_2026-00030,19,2026-03-30 00:57:05.508239,NB_SILVER_TO_GOLD_HIGH_LEVEL_STATUS_KPI
202601_2026-00025,16,2026-03-30 00:57:05.508239,NB_SILVER_TO_GOLD_HIGH_LEVEL_STATUS_KPI
202601_2026-00024,16,2026-03-30 00:57:05.508239,NB_SILVER_TO_GOLD_HIGH_LEVEL_STATUS_KPI
202601_2026-00023,16,2026-03-30 00:57:05.508239,NB_SILVER_TO_GOLD_HIGH_LEVEL_STATUS_KPI
202601_2026-00022,16,2026-03-30 00:57:05.508239,NB_SILVER_TO_GOLD_HIGH_LEVEL_STATUS_KPI
202601_2026-00021,16,2026-03-30 00:57:05.508239,NB_SILVER_TO_GOLD_HIGH_LEVEL_STATUS_KPI
202601_2026-00020,16,2026-03-30 00:57:05.508239,NB_SILVER_TO_GOLD_HIGH_LEVEL_STATUS_KPI
202601_2026-00018,16,2026-03-30 00:57:05.508239,NB_SILVER_TO_GOLD_HIGH_LEVEL_STATUS_KPI
202601_2026-00017,16,2026-03-30 00:57:05.508239,NB_SILVER_TO_GOLD_HIGH_LEVEL_STATUS_KPI
202601_2026-00016,16,2026-03-30 00:57:05.508239,NB_SILVER_TO_GOLD_HIGH_LEVEL_STATUS_KPI
202601_2026-00015,16,2026-03-30 00:57:05.508239,NB_SILVER_TO_GOLD_HIGH_LEVEL_STATUS_KPI
202601_2026-00014,16,2026-03-30 00:57:05.508239,NB_SILVER_TO_GOLD_HIGH_LEVEL_STATUS_KPI
202601_2026-00012,16,2026-03-30 00:57:05.508239,NB_SILVER_TO_GOLD_HIGH_LEVEL_STATUS_KPI
202601_2026-00011,16,2026-03-30 00:57:05.508239,NB_SILVER_TO_GOLD_HIGH_LEVEL_STATUS_KPI
202601_2026-00010,16,2026-03-30 00:57:05.508239,NB_SILVER_TO_GOLD_HIGH_LEVEL_STATUS_KPI
202601_2026-00009,16,2026-03-30 00:57:05.508239,NB_SILVER_TO_GOLD_HIGH_LEVEL_STATUS_KPI
202601_2026-00008,16,2026-03-30 00:57:05.508239,NB_SILVER_TO_GOLD_HIGH_LEVEL_STATUS_KPI
202601_2026-00007,16,2026-03-30 00:57:05.508239,NB_SILVER_TO_GOLD_HIGH_LEVEL_STATUS_KPI
202601_2026-00006,16,2026-03-30 00:57:05.508239,NB_SILVER_TO_GOLD_HIGH_LEVEL_STATUS_KPI
202601_2026-00004,16,2026-03-30 00:57:05.508239,NB_SILVER_TO_GOLD_HIGH_LEVEL_STATUS_KPI
202601_2026-00002,16,2026-03-30 00:57:05.508239,NB_SILVER_TO_GOLD_HIGH_LEVEL_STATUS_KPI
202601_2025-00190,17,2026-03-30 00:57:05.508239,NB_SILVER_TO_GOLD_HIGH_LEVEL_STATUS_KPI
202601_2025-00189,17,2026-03-30 00:57:05.508239,NB_SILVER_TO_GOLD_HIGH_LEVEL_STATUS_KPI
202601_2025-00188,17,2026-03-30 00:57:05.508239,NB_SILVER_TO_GOLD_HIGH_LEVEL_STATUS_KPI
202601_2025-00187,17,2026-03-30 00:57:05.508239,NB_SILVER_TO_GOLD_HIGH_LEVEL_STATUS_KPI
202601_2025-00186,17,2026-03-30 00:57:05.508239,NB_SILVER_TO_GOLD_HIGH_LEVEL_STATUS_KPI
202601_2025-00184,17,2026-03-30 00:57:05.508239,NB_SILVER_TO_GOLD_HIGH_LEVEL_STATUS_KPI
202601_2025-00182,17,2026-03-30 00:57:05.508239,NB_SILVER_TO_GOLD_HIGH_LEVEL_STATUS_KPI
202601_2025-00181,17,2026-03-30 00:57:05.508239,NB_SILVER_TO_GOLD_HIGH_LEVEL_STATUS_KPI
202601_2025-00180,17,2026-03-30 00:57:05.508239,NB_SILVER_TO_GOLD_HIGH_LEVEL_STATUS_KPI
202601_2025-00179,17,2026-03-30 00:57:05.508239,NB_SILVER_TO_GOLD_HIGH_LEVEL_STATUS_KPI
202601_2025-00178,17,2026-03-30 00:57:05.508239,NB_SILVER_TO_GOLD_HIGH_LEVEL_STATUS_KPI
202601_2025-00177,17,2026-03-30 00:57:05.508239,NB_SILVER_TO_GOLD_HIGH_LEVEL_STATUS_KPI
202601_2025-00175,17,2026-03-30 00:57:05.508239,NB_SILVER_TO_GOLD_HIGH_LEVEL_STATUS_KPI
202601_2025-00127,17,2026-03-30 00:57:05.508239,NB_SILVER_TO_GOLD_HIGH_LEVEL_STATUS_KPI
202601_2025-00126,17,2026-03-30 00:57:05.508239,NB_SILVER_TO_GOLD_HIGH_LEVEL_STATUS_KPI
202601_2025-00124,17,2026-03-30 00:57:05.508239,NB_SILVER_TO_GOLD_HIGH_LEVEL_STATUS_KPI
202601_2025-00122,17,2026-03-30 00:57:05.508239,NB_SILVER_TO_GOLD_HIGH_LEVEL_STATUS_KPI
202601_2025-00121,17,2026-03-30 00:57:05.508239,NB_SILVER_TO_GOLD_HIGH_LEVEL_STATUS_KPI
202601_2025-00120,17,2026-03-30 00:57:05.508239,NB_SILVER_TO_GOLD_HIGH_LEVEL_STATUS_KPI
202601_2025-00119,17,2026-03-30 00:57:05.508239,NB_SILVER_TO_GOLD_HIGH_LEVEL_STATUS_KPI
202601_2025-00118,17,2026-03-30 00:57:05.508239,NB_SILVER_TO_GOLD_HIGH_LEVEL_STATUS_KPI
202601_2025-00117,17,2026-03-30 00:57:05.508239,NB_SILVER_TO_GOLD_HIGH_LEVEL_STATUS_KPI
202601_2025-00116,17,2026-03-30 00:57:05.508239,NB_SILVER_TO_GOLD_HIGH_LEVEL_STATUS_KPI
202601_2025-00115,17,2026-03-30 00:57:05.508239,NB_SILVER_TO_GOLD_HIGH_LEVEL_STATUS_KPI
202601_2025-00114,17,2026-03-30 00:57:05.508239,NB_SILVER_TO_GOLD_HIGH_LEVEL_STATUS_KPI
202601_2025-00113,17,2026-03-30 00:57:05.508239,NB_SILVER_TO_GOLD_HIGH_LEVEL_STATUS_KPI
202601_2025-00112,17,2026-03-30 00:57:05.508239,NB_SILVER_TO_GOLD_HIGH_LEVEL_STATUS_KPI
202601_2025-00111,17,2026-03-30 00:57:05.508239,NB_SILVER_TO_GOLD_HIGH_LEVEL_STATUS_KPI
202601_2025-00110,17,2026-03-30 00:57:05.508239,NB_SILVER_TO_GOLD_HIGH_LEVEL_STATUS_KPI
202601_2025-00109,17,2026-03-30 00:57:05.508239,NB_SILVER_TO_GOLD_HIGH_LEVEL_STATUS_KPI
202601_2025-00108,17,2026-03-30 00:57:05.508239,NB_SILVER_TO_GOLD_HIGH_LEVEL_STATUS_KPI
202601_2025-00106,17,2026-03-30 00:57:05.508239,NB_SILVER_TO_GOLD_HIGH_LEVEL_STATUS_KPI
202601_2025-00105,17,2026-03-30 00:57:05.508239,NB_SILVER_TO_GOLD_HIGH_LEVEL_STATUS_KPI
202601_2025-00098,17,2026-03-30 00:57:05.508239,NB_SILVER_TO_GOLD_HIGH_LEVEL_STATUS_KPI
202601_2025-00095,17,2026-03-30 00:57:05.508239,NB_SILVER_TO_GOLD_HIGH_LEVEL_STATUS_KPI
202601_2025-00091,17,2026-03-30 00:57:05.508239,NB_SILVER_TO_GOLD_HIGH_LEVEL_STATUS_KPI
202601_2025-00090,17,2026-03-30 00:57:05.508239,NB_SILVER_TO_GOLD_HIGH_LEVEL_STATUS_KPI
202601_2025-00088,17,2026-03-30 00:57:05.508239,NB_SILVER_TO_GOLD_HIGH_LEVEL_STATUS_KPI
202601_2025-00086,17,2026-03-30 00:57:05.508239,NB_SILVER_TO_GOLD_HIGH_LEVEL_STATUS_KPI
202601_2025-00063,18,2026-03-30 00:57:05.508239,NB_SILVER_TO_GOLD_HIGH_LEVEL_STATUS_KPI
202601_2025-00040,18,2026-03-30 00:57:05.508239,NB_SILVER_TO_GOLD_HIGH_LEVEL_STATUS_KPI
202601_2025-00039,18,2026-03-30 00:57:05.508239,NB_SILVER_TO_GOLD_HIGH_LEVEL_STATUS_KPI
202601_2025-00035,18,2026-03-30 00:57:05.508239,NB_SILVER_TO_GOLD_HIGH_LEVEL_STATUS_KPI
202601_2025-00025,18,2026-03-30 00:57:05.508239,NB_SILVER_TO_GOLD_HIGH_LEVEL_STATUS_KPI
202601_2025-00013,18,2026-03-30 00:57:05.508239,NB_SILVER_TO_GOLD_HIGH_LEVEL_STATUS_KPI
202601_2025-0006,18,2026-03-30 00:57:05.508239,NB_SILVER_TO_GOLD_HIGH_LEVEL_STATUS_KPI
202601_2025-0004,18,2026-03-30 00:57:05.508239,NB_SILVER_TO_GOLD_HIGH_LEVEL_STATUS_KPI
202601_2025-0001,18,2026-03-30 00:57:05.508239,NB_SILVER_TO_GOLD_HIGH_LEVEL_STATUS_KPI
202601_2025-00153,18,2026-03-30 00:57:05.508239,NB_SILVER_TO_GOLD_HIGH_LEVEL_STATUS_KPI
202601_2025-00148,18,2026-03-30 00:57:05.508239,NB_SILVER_TO_GOLD_HIGH_LEVEL_STATUS_KPI
202601_2025-00143,18,2026-03-30 00:57:05.508239,NB_SILVER_TO_GOLD_HIGH_LEVEL_STATUS_KPI
202601_2025-00142,18,2026-03-30 00:57:05.508239,NB_SILVER_TO_GOLD_HIGH_LEVEL_STATUS_KPI
202601_2025-00141,18,2026-03-30 00:57:05.508239,NB_SILVER_TO_GOLD_HIGH_LEVEL_STATUS_KPI
202601_2025-00140,18,2026-03-30 00:57:05.508239,NB_SILVER_TO_GOLD_HIGH_LEVEL_STATUS_KPI
202601_2025-00139,18,2026-03-30 00:57:05.508239,NB_SILVER_TO_GOLD_HIGH_LEVEL_STATUS_KPI
202601_2025-00138,18,2026-03-30 00:57:05.508239,NB_SILVER_TO_GOLD_HIGH_LEVEL_STATUS_KPI
202601_2025-00122,18,2026-03-30 00:57:05.508239,NB_SILVER_TO_GOLD_HIGH_LEVEL_STATUS_KPI
202601_2025-00115,18,2026-03-30 00:57:05.508239,NB_SILVER_TO_GOLD_HIGH_LEVEL_STATUS_KPI
202601_2025-00114,18,2026-03-30 00:57:05.508239,NB_SILVER_TO_GOLD_HIGH_LEVEL_STATUS_KPI
202601_2025-00112,18,2026-03-30 00:57:05.508239,NB_SILVER_TO_GOLD_HIGH_LEVEL_STATUS_KPI
202601_2025-00111,18,2026-03-30 00:57:05.508239,NB_SILVER_TO_GOLD_HIGH_LEVEL_STATUS_KPI
202601_2025-00109,18,2026-03-30 00:57:05.508239,NB_SILVER_TO_GOLD_HIGH_LEVEL_STATUS_KPI
202601_2025-00098,18,2026-03-30 00:57:05.508239,NB_SILVER_TO_GOLD_HIGH_LEVEL_STATUS_KPI
202601_2025-00095,18,2026-03-30 00:57:05.508239,NB_SILVER_TO_GOLD_HIGH_LEVEL_STATUS_KPI
